{
  "algorithm": "q_learning",
  "average_cumulative_reward": 3.746283333333333,
  "acceptance_rate": 0.35714285714285715,
  "abandonment_rate": 0.85,
  "average_questions_asked": 1.9416666666666667,
  "average_session_length": 5.933333333333334
}