{
  "algorithm": "ppo",
  "average_cumulative_reward": 6.365450000000001,
  "acceptance_rate": 0.3781094527363184,
  "abandonment_rate": 0.9416666666666667,
  "average_questions_asked": 0.0,
  "average_session_length": 5.025
}