{
  "algorithm": "ppo",
  "average_cumulative_reward": 6.470066666666669,
  "acceptance_rate": 0.3795379537953795,
  "abandonment_rate": 0.9416666666666667,
  "average_questions_asked": 0.0,
  "average_session_length": 5.05
}