{
  "algorithm": "dqn",
  "average_cumulative_reward": -2.000349999999999,
  "acceptance_rate": 0.40131578947368424,
  "abandonment_rate": 0.9666666666666667,
  "average_questions_asked": 1.825,
  "average_session_length": 4.358333333333333
}