{
  "algorithm": "q_learning",
  "average_cumulative_reward": -2.5990333333333333,
  "acceptance_rate": 0.346875,
  "abandonment_rate": 0.9583333333333334,
  "average_questions_asked": 1.8666666666666667,
  "average_session_length": 4.533333333333333
}