{
  "algorithm": "dqn",
  "average_cumulative_reward": -3.6856166666666663,
  "acceptance_rate": 0.34497816593886466,
  "abandonment_rate": 0.9833333333333333,
  "average_questions_asked": 2.4583333333333335,
  "average_session_length": 4.366666666666666
}