{
  "algorithm": "dqn",
  "average_cumulative_reward": 0.3869583333333336,
  "acceptance_rate": 0.3127413127413127,
  "abandonment_rate": 0.85,
  "average_questions_asked": 2.4833333333333334,
  "average_session_length": 5.283333333333333
}